Business Date,CCP,Member,Account ID,Account Type,Product Type,Market,Currency,FX Rate,Collateral Type,Collateral Description,Market Value,Excess,Haircut
2020-12-07,OCC,00289,00289 C,Client,ETD,Cleared,USD,1,Cash,,251744595.00,0.00,0
2020-12-07,OCC,00289,00289 F,House,ETD,Cleared,USD,1,Cash,,31716745.00,0.00,0
2020-12-07,OCC,00355,00355 C,Client,ETD,Cleared,USD,1,Bond,CUSIP 91282CAK7,199718011.00,0.00,1
2020-12-07,OCC,00355,00355 C,Client,ETD,Cleared,USD,1,Bond,CUSIP 912828Q60,330138171.00,0.00,0.005
2020-12-07,OCC,00355,00355 C,Client,ETD,Cleared,USD,1,Bond,CUSIP 912828R69,207311428.00,0.00,1
2020-12-07,OCC,00355,00355 C,Client,ETD,Cleared,USD,1,Bond,CUSIP 912828X39,54495582.00,0.00,0.02
2020-12-07,OCC,00355,00355 C,Client,ETD,Cleared,USD,1,Bond,CUSIP 912828YL8,270249727.50,0.00,0.02
2020-12-07,OCC,00355,00355 C,Client,ETD,Cleared,USD,1,Bond,CUSIP 9128283Z1,110982072.00,0.00,1
2020-12-07,OCC,00355,00355 C,Client,ETD,Cleared,USD,1,Bond,CUSIP 9128284U1,268546092.50,0.00,1
2020-12-07,OCC,00355,00355 C,Client,ETD,Cleared,USD,1,Bond,CUSIP 9128285D8,108074986.00,0.00,1
2020-12-07,OCC,00355,00355 C,Client,ETD,Cleared,USD,1,Bond,CUSIP 9128285M8,710751300.00,0.00,1
2020-12-07,OCC,00355,00355 C,Client,ETD,Cleared,USD,1,Bond,CUSIP 9128285W6,240807686.00,0.00,0.035
2020-12-07,OCC,00355,00355 C,Client,ETD,Cleared,USD,1,Security,CUSIP F21107101,7255924.16,0.00,0
2020-12-07,OCC,00355,00355 C,Client,ETD,Cleared,USD,1,Security,CUSIP G04553106,342484.40,0.00,0
2020-12-07,OCC,00355,00355 C,Client,ETD,Cleared,USD,1,Security,CUSIP G0457F107,1304677.75,0.00,0
2020-12-07,OCC,00355,00355 C,Client,ETD,Cleared,USD,1,Security,CUSIP G16234109,796163.04,0.00,0
2020-12-07,OCC,00355,00355 C,Client,ETD,Cleared,USD,1,Security,CUSIP G21515104,5537456.96,0.00,0
2020-12-07,OCC,00355,00355 C,Client,ETD,Cleared,USD,1,Security,CUSIP G25343107,85622.15,0.00,0
2020-12-07,OCC,00355,00355 C,Client,ETD,Cleared,USD,1,Security,CUSIP G25839104,1733365.62,0.00,0
2020-12-07,OCC,00355,00355 C,Client,ETD,Cleared,USD,1,Security,CUSIP G45667105,105934.68,0.00,0
2020-12-07,OCC,00355,00355 C,Client,ETD,Cleared,USD,1,Security,CUSIP G5480U120,1663971.01,0.00,0
2020-12-07,OCC,00355,00355 C,Client,ETD,Cleared,USD,1,Security,CUSIP G637AM102,133909.23,0.00,0
2020-12-07,OCC,00355,00355 C,Client,ETD,Cleared,USD,1,Security,CUSIP G6564A105,63888.64,0.00,0
2020-12-07,OCC,00355,00355 C,Client,ETD,Cleared,USD,1,Security,CUSIP G6855A103,251414.28,0.00,0
2020-12-07,OCC,00355,00355 C,Client,ETD,Cleared,USD,1,Security,CUSIP G68707101,5738502.49,0.00,0
2020-12-07,OCC,00355,00355 C,Client,ETD,Cleared,USD,1,Security,CUSIP G81477104,959503.86,0.00,0
2020-12-07,OCC,00355,00355 C,Client,ETD,Cleared,USD,1,Security,CUSIP H01301128,17334347.52,0.00,0
2020-12-07,OCC,00355,00355 C,Client,ETD,Cleared,USD,1,Security,CUSIP H17182108,962849.32,0.00,0
2020-12-07,OCC,00355,00355 C,Client,ETD,Cleared,USD,1,Security,CUSIP M20791105,53218.31,0.00,0
2020-12-07,OCC,00355,00355 C,Client,ETD,Cleared,USD,1,Security,CUSIP M2682V108,45562011.20,0.00,0
2020-12-07,OCC,00355,00355 C,Client,ETD,Cleared,USD,1,Security,CUSIP M81873107,1455923.16,0.00,0
2020-12-07,OCC,00355,00355 C,Client,ETD,Cleared,USD,1,Security,CUSIP N00985106,872851.20,0.00,0
2020-12-07,OCC,00355,00355 C,Client,ETD,Cleared,USD,1,Security,CUSIP N07059210,19234504.04,0.00,0
2020-12-07,OCC,00355,00355 C,Client,ETD,Cleared,USD,1,Security,CUSIP N20944109,3429520.80,0.00,0
2020-12-07,OCC,00355,00355 C,Client,ETD,Cleared,USD,1,Security,CUSIP N22717107,220122.50,0.00,0
2020-12-07,OCC,00355,00355 C,Client,ETD,Cleared,USD,1,Security,CUSIP N44445109,356780.08,0.00,0
2020-12-07,OCC,00355,00355 C,Client,ETD,Cleared,USD,1,Security,CUSIP N5749R100,22446.45,0.00,0
2020-12-07,OCC,00355,00355 C,Client,ETD,Cleared,USD,1,Security,CUSIP N6596X109,4102816.68,0.00,0
2020-12-07,OCC,00355,00355 C,Client,ETD,Cleared,USD,1,Security,CUSIP N70544106,68515.20,0.00,0
2020-12-07,OCC,00355,00355 C,Client,ETD,Cleared,USD,1,Security,CUSIP N90064101,1250688.64,0.00,0
2020-12-07,OCC,00355,00355 C,Client,ETD,Cleared,USD,1,Security,CUSIP Y2188B108,63000.00,0.00,0
2020-12-07,OCC,00355,00355 C,Client,ETD,Cleared,USD,1,Security,CUSIP Y8564M105,114586.80,0.00,0
2020-12-07,OCC,00355,00355 C,Client,ETD,Cleared,USD,1,Security,CUSIP 00162Q106,243725.19,0.00,0
2020-12-07,OCC,00355,00355 C,Client,ETD,Cleared,USD,1,Security,CUSIP 00162Q668,124714.63,0.00,0
2020-12-07,OCC,00355,00355 C,Client,ETD,Cleared,USD,1,Security,CUSIP 00183L102,329621.20,0.00,0
2020-12-07,OCC,00355,00355 C,Client,ETD,Cleared,USD,1,Security,CUSIP 00402L107,314021.24,0.00,0
2020-12-07,OCC,00355,00355 C,Client,ETD,Cleared,USD,1,Security,CUSIP 01626L105,53946.09,0.00,0
2020-12-07,OCC,00355,00355 C,Client,ETD,Cleared,USD,1,Security,CUSIP 02155H200,6824961.00,0.00,0
2020-12-07,OCC,00355,00355 C,Client,ETD,Cleared,USD,1,Security,CUSIP 023111206,92516.96,0.00,0
2020-12-07,OCC,00355,00355 C,Client,ETD,Cleared,USD,1,Security,CUSIP 02319V103,17415773.40,0.00,0
2020-12-07,OCC,00355,00355 C,Client,ETD,Cleared,USD,1,Security,CUSIP 02364W105,59454.88,0.00,0
2020-12-07,OCC,00355,00355 C,Client,ETD,Cleared,USD,1,Security,CUSIP 031100100,23782623.76,0.00,0
2020-12-07,OCC,00355,00355 C,Client,ETD,Cleared,USD,1,Security,CUSIP 03212A105,273075.00,0.00,0
2020-12-07,OCC,00355,00355 C,Client,ETD,Cleared,USD,1,Security,CUSIP 03524A108,2612539.18,0.00,0
2020-12-07,OCC,00355,00355 C,Client,ETD,Cleared,USD,1,Security,CUSIP 036752103,5097305.08,0.00,0
2020-12-07,OCC,00355,00355 C,Client,ETD,Cleared,USD,1,Security,CUSIP 03765K104,3154938.84,0.00,0
2020-12-07,OCC,00355,00355 C,Client,ETD,Cleared,USD,1,Security,CUSIP 03835T200,51643.14,0.00,0
2020-12-07,OCC,00355,00355 C,Client,ETD,Cleared,USD,1,Security,CUSIP 04010L103,321553.80,0.00,0
2020-12-07,OCC,00355,00355 C,Client,ETD,Cleared,USD,1,Security,CUSIP 04271T100,4519152.44,0.00,0
2020-12-07,OCC,00355,00355 C,Client,ETD,Cleared,USD,1,Security,CUSIP 04746L104,122148.00,0.00,0
2020-12-07,OCC,00355,00355 C,Client,ETD,Cleared,USD,1,Security,CUSIP 05366Y201,57113.12,0.00,0
2020-12-07,OCC,00355,00355 C,Client,ETD,Cleared,USD,1,Security,CUSIP 0556EL109,463556.34,0.00,0
2020-12-07,OCC,00355,00355 C,Client,ETD,Cleared,USD,1,Security,CUSIP 056752108,76272795.30,0.00,0
2020-12-07,OCC,00355,00355 C,Client,ETD,Cleared,USD,1,Security,CUSIP 05964H105,97871.10,0.00,0
2020-12-07,OCC,00355,00355 C,Client,ETD,Cleared,USD,1,Security,CUSIP 06777U101,47313.45,0.00,0
2020-12-07,OCC,00355,00355 C,Client,ETD,Cleared,USD,1,Security,CUSIP 08205P100,29112.50,0.00,0
2020-12-07,OCC,00355,00355 C,Client,ETD,Cleared,USD,1,Security,CUSIP 08265T208,1041075.56,0.00,0
2020-12-07,OCC,00355,00355 C,Client,ETD,Cleared,USD,1,Security,CUSIP 08653C106,621877.92,0.00,0
2020-12-07,OCC,00355,00355 C,Client,ETD,Cleared,USD,1,Security,CUSIP 088606108,5183424.35,0.00,0
2020-12-07,OCC,00355,00355 C,Client,ETD,Cleared,USD,1,Security,CUSIP 093671105,1927299.90,0.00,0
2020-12-07,OCC,00355,00355 C,Client,ETD,Cleared,USD,1,Security,CUSIP 10552T107,224323.88,0.00,0
2020-12-07,OCC,00355,00355 C,Client,ETD,Cleared,USD,1,Security,CUSIP 109199109,134990.41,0.00,0
2020-12-07,OCC,00355,00355 C,Client,ETD,Cleared,USD,1,Security,CUSIP 10948W103,79605.90,0.00,0
2020-12-07,OCC,00355,00355 C,Client,ETD,Cleared,USD,1,Security,CUSIP 11135E104,287568.71,0.00,0
2020-12-07,OCC,00355,00355 C,Client,ETD,Cleared,USD,1,Security,CUSIP 124765108,1051117.00,0.00,0
2020-12-07,OCC,00355,00355 C,Client,ETD,Cleared,USD,1,Security,CUSIP 12529R107,267760.57,0.00,0
2020-12-07,OCC,00355,00355 C,Client,ETD,Cleared,USD,1,Security,CUSIP 12572Q105,12458987.70,0.00,0
2020-12-07,OCC,00355,00355 C,Client,ETD,Cleared,USD,1,Security,CUSIP 12621E103,79153.07,0.00,0
2020-12-07,OCC,00355,00355 C,Client,ETD,Cleared,USD,1,Security,CUSIP 136635109,201329.70,0.00,0
2020-12-07,OCC,00355,00355 C,Client,ETD,Cleared,USD,1,Security,CUSIP 138006309,62516.31,0.00,0
2020-12-07,OCC,00355,00355 C,Client,ETD,Cleared,USD,1,Security,CUSIP 139674105,224824.00,0.00,0
2020-12-07,OCC,00355,00355 C,Client,ETD,Cleared,USD,1,Security,CUSIP 14365C103,303266.88,0.00,0
2020-12-07,OCC,00355,00355 C,Client,ETD,Cleared,USD,1,Security,CUSIP 150185106,5125275.22,0.00,0
2020-12-07,OCC,00355,00355 C,Client,ETD,Cleared,USD,1,Security,CUSIP 15117B202,2134829.40,0.00,0
2020-12-07,OCC,00355,00355 C,Client,ETD,Cleared,USD,1,Security,CUSIP 16679L109,4034829.68,0.00,0
2020-12-07,OCC,00355,00355 C,Client,ETD,Cleared,USD,1,Security,CUSIP 168615102,71409.60,0.00,0
2020-12-07,OCC,00355,00355 C,Client,ETD,Cleared,USD,1,Security,CUSIP 16936R105,296241.53,0.00,0
2020-12-07,OCC,00355,00355 C,Client,ETD,Cleared,USD,1,Security,CUSIP 169379203,28101.04,0.00,0
2020-12-07,OCC,00355,00355 C,Client,ETD,Cleared,USD,1,Security,CUSIP 16945R104,252087.15,0.00,0
2020-12-07,OCC,00355,00355 C,Client,ETD,Cleared,USD,1,Security,CUSIP 17306X102,180985.57,0.00,0
2020-12-07,OCC,00355,00355 C,Client,ETD,Cleared,USD,1,Security,CUSIP 177376100,1119009.66,0.00,0
2020-12-07,OCC,00355,00355 C,Client,ETD,Cleared,USD,1,Security,CUSIP 18453H106,94927.90,0.00,0
2020-12-07,OCC,00355,00355 C,Client,ETD,Cleared,USD,1,Security,CUSIP 192010106,220838.94,0.00,0
2020-12-07,OCC,00355,00355 C,Client,ETD,Cleared,USD,1,Security,CUSIP 20451W101,98694.00,0.00,0
2020-12-07,OCC,00355,00355 C,Client,ETD,Cleared,USD,1,Security,CUSIP 22576C101,6665.00,0.00,0
2020-12-07,OCC,00355,00355 C,Client,ETD,Cleared,USD,1,Security,CUSIP 226718104,477.25,0.00,0
2020-12-07,OCC,00355,00355 C,Client,ETD,Cleared,USD,1,Security,CUSIP 233051879,15694230.25,0.00,0
2020-12-07,OCC,00355,00355 C,Client,ETD,Cleared,USD,1,Security,CUSIP 249906108,375725.00,0.00,0
2020-12-07,OCC,00355,00355 C,Client,ETD,Cleared,USD,1,Security,CUSIP 25243Q205,148235.04,0.00,0
2020-12-07,OCC,00355,00355 C,Client,ETD,Cleared,USD,1,Security,CUSIP 25459W458,68647.35,0.00,0
2020-12-07,OCC,00355,00355 C,Client,ETD,Cleared,USD,1,Security,CUSIP 25459Y694,105535.76,0.00,0
2020-12-07,OCC,00355,00355 C,Client,ETD,Cleared,USD,1,Security,CUSIP 25460G716,293989.50,0.00,0
2020-12-07,OCC,00355,00355 C,Client,ETD,Cleared,USD,1,Security,CUSIP 25460G807,166772.54,0.00,0
2020-12-07,OCC,00355,00355 C,Client,ETD,Cleared,USD,1,Security,CUSIP 25460G880,98753.85,0.00,0
2020-12-07,OCC,00355,00355 C,Client,ETD,Cleared,USD,1,Security,CUSIP 256135203,88353.20,0.00,0
2020-12-07,OCC,00355,00355 C,Client,ETD,Cleared,USD,1,Security,CUSIP 257651109,6073301.70,0.00,0
2020-12-07,OCC,00355,00355 C,Client,ETD,Cleared,USD,1,Security,CUSIP 26142R104,443927.66,0.00,0
2020-12-07,OCC,00355,00355 C,Client,ETD,Cleared,USD,1,Security,CUSIP 26152H301,74545.76,0.00,0
2020-12-07,OCC,00355,00355 C,Client,ETD,Cleared,USD,1,Security,CUSIP 262077100,199.36,0.00,0
2020-12-07,OCC,00355,00355 C,Client,ETD,Cleared,USD,1,Security,CUSIP 26818M108,825397.05,0.00,0
2020-12-07,OCC,00355,00355 C,Client,ETD,Cleared,USD,1,Security,CUSIP 26853E102,22838.26,0.00,0
2020-12-07,OCC,00355,00355 C,Client,ETD,Cleared,USD,1,Security,CUSIP 26884L109,11364014.04,0.00,0
2020-12-07,OCC,00355,00355 C,Client,ETD,Cleared,USD,1,Security,CUSIP 270087109,118892.84,0.00,0
2020-12-07,OCC,00355,00355 C,Client,ETD,Cleared,USD,1,Security,CUSIP 27627N105,781290.26,0.00,0
2020-12-07,OCC,00355,00355 C,Client,ETD,Cleared,USD,1,Security,CUSIP 279158109,60515.50,0.00,0
2020-12-07,OCC,00355,00355 C,Client,ETD,Cleared,USD,1,Security,CUSIP 284902509,389447.98,0.00,0
2020-12-07,OCC,00355,00355 C,Client,ETD,Cleared,USD,1,Security,CUSIP 29082A107,146842.47,0.00,0
2020-12-07,OCC,00355,00355 C,Client,ETD,Cleared,USD,1,Security,CUSIP 29260V105,222732.75,0.00,0
2020-12-07,OCC,00355,00355 C,Client,ETD,Cleared,USD,1,Security,CUSIP 29273V100,11416190.30,0.00,0
2020-12-07,OCC,00355,00355 C,Client,ETD,Cleared,USD,1,Security,CUSIP 292766102,504466.89,0.00,0
2020-12-07,OCC,00355,00355 C,Client,ETD,Cleared,USD,1,Security,CUSIP 29336T100,209717.48,0.00,0
2020-12-07,OCC,00355,00355 C,Client,ETD,Cleared,USD,1,Security,CUSIP 29446M102,9489914.00,0.00,0
2020-12-07,OCC,00355,00355 C,Client,ETD,Cleared,USD,1,Security,CUSIP 29446Y502,1099837.44,0.00,0
2020-12-07,OCC,00355,00355 C,Client,ETD,Cleared,USD,1,Security,CUSIP 296056104,95851.32,0.00,0
2020-12-07,OCC,00355,00355 C,Client,ETD,Cleared,USD,1,Security,CUSIP 30712A103,1733101.50,0.00,0
2020-12-07,OCC,00355,00355 C,Client,ETD,Cleared,USD,1,Security,CUSIP 30744W107,5827865.70,0.00,0
2020-12-07,OCC,00355,00355 C,Client,ETD,Cleared,USD,1,Security,CUSIP 309627107,144878.00,0.00,0
2020-12-07,OCC,00355,00355 C,Client,ETD,Cleared,USD,1,Security,CUSIP 316092725,98633.70,0.00,0
2020-12-07,OCC,00355,00355 C,Client,ETD,Cleared,USD,1,Security,CUSIP 316092808,76046.26,0.00,0
2020-12-07,OCC,00355,00355 C,Client,ETD,Cleared,USD,1,Security,CUSIP 31810T101,1553642.16,0.00,0
2020-12-07,OCC,00355,00355 C,Client,ETD,Cleared,USD,1,Security,CUSIP 31847R102,11821383.52,0.00,0
2020-12-07,OCC,00355,00355 C,Client,ETD,Cleared,USD,1,Security,CUSIP 33733E104,46599.00,0.00,0
2020-12-07,OCC,00355,00355 C,Client,ETD,Cleared,USD,1,Security,CUSIP 33734H106,181491.84,0.00,0
2020-12-07,OCC,00355,00355 C,Client,ETD,Cleared,USD,1,Security,CUSIP 33734K109,2822.04,0.00,0
2020-12-07,OCC,00355,00355 C,Client,ETD,Cleared,USD,1,Security,CUSIP 33734X101,24695.51,0.00,0
2020-12-07,OCC,00355,00355 C,Client,ETD,Cleared,USD,1,Security,CUSIP 33734X135,23909.40,0.00,0
2020-12-07,OCC,00355,00355 C,Client,ETD,Cleared,USD,1,Security,CUSIP 33734X150,38104.02,0.00,0
2020-12-07,OCC,00355,00355 C,Client,ETD,Cleared,USD,1,Security,CUSIP 33734X176,43443.40,0.00,0
2020-12-07,OCC,00355,00355 C,Client,ETD,Cleared,USD,1,Security,CUSIP 337345102,1092702.13,0.00,0
2020-12-07,OCC,00355,00355 C,Client,ETD,Cleared,USD,1,Security,CUSIP 33735J101,1321.92,0.00,0
2020-12-07,OCC,00355,00355 C,Client,ETD,Cleared,USD,1,Security,CUSIP 33736M103,45350.04,0.00,0
2020-12-07,OCC,00355,00355 C,Client,ETD,Cleared,USD,1,Security,CUSIP 33736N101,58589.12,0.00,0
2020-12-07,OCC,00355,00355 C,Client,ETD,Cleared,USD,1,Security,CUSIP 33737J406,75296.90,0.00,0
2020-12-07,OCC,00355,00355 C,Client,ETD,Cleared,USD,1,Security,CUSIP 33737M508,40785.44,0.00,0
2020-12-07,OCC,00355,00355 C,Client,ETD,Cleared,USD,1,Security,CUSIP 33738D101,3705.57,0.00,0
2020-12-07,OCC,00355,00355 C,Client,ETD,Cleared,USD,1,Security,CUSIP 33738R837,447385.24,0.00,0
2020-12-07,OCC,00355,00355 C,Client,ETD,Cleared,USD,1,Security,CUSIP 33738R886,38095.20,0.00,0
2020-12-07,OCC,00355,00355 C,Client,ETD,Cleared,USD,1,Security,CUSIP 33739P301,227943.00,0.00,0
2020-12-07,OCC,00355,00355 C,Client,ETD,Cleared,USD,1,Security,CUSIP 33767E202,611729.93,0.00,0
2020-12-07,OCC,00355,00355 C,Client,ETD,Cleared,USD,1,Security,CUSIP 343873105,53214.72,0.00,0
2020-12-07,OCC,00355,00355 C,Client,ETD,Cleared,USD,1,Security,CUSIP 344419106,347435.36,0.00,0
2020-12-07,OCC,00355,00355 C,Client,ETD,Cleared,USD,1,Security,CUSIP 34962G109,637111.98,0.00,0
2020-12-07,OCC,00355,00355 C,Client,ETD,Cleared,USD,1,Security,CUSIP 349915108,440418.89,0.00,0
2020-12-07,OCC,00355,00355 C,Client,ETD,Cleared,USD,1,Security,CUSIP 356390104,190961.71,0.00,0
2020-12-07,OCC,00355,00355 C,Client,ETD,Cleared,USD,1,Security,CUSIP 360271100,2202607.80,0.00,0
2020-12-07,OCC,00355,00355 C,Client,ETD,Cleared,USD,1,Security,CUSIP 36168Q104,2830759.91,0.00,0
2020-12-07,OCC,00355,00355 C,Client,ETD,Cleared,USD,1,Security,CUSIP 36197T103,475379.82,0.00,0
2020-12-07,OCC,00355,00355 C,Client,ETD,Cleared,USD,1,Security,CUSIP 371927104,2701.08,0.00,0
2020-12-07,OCC,00355,00355 C,Client,ETD,Cleared,USD,1,Security,CUSIP 37637Q105,3752334.30,0.00,0
2020-12-07,OCC,00355,00355 C,Client,ETD,Cleared,USD,1,Security,CUSIP 37954Y715,12846190.00,0.00,0
2020-12-07,OCC,00355,00355 C,Client,ETD,Cleared,USD,1,Security,CUSIP 37954Y855,2750272.56,0.00,0
2020-12-07,OCC,00355,00355 C,Client,ETD,Cleared,USD,1,Security,CUSIP 38059T106,77118.72,0.00,0
2020-12-07,OCC,00355,00355 C,Client,ETD,Cleared,USD,1,Security,CUSIP 38068T105,88848.32,0.00,0
2020-12-07,OCC,00355,00355 C,Client,ETD,Cleared,USD,1,Security,CUSIP 38246G108,8752.59,0.00,0
2020-12-07,OCC,00355,00355 C,Client,ETD,Cleared,USD,1,Security,CUSIP 38500T101,85714.44,0.00,0
2020-12-07,OCC,00355,00355 C,Client,ETD,Cleared,USD,1,Security,CUSIP 38911N206,210772.62,0.00,0
2020-12-07,OCC,00355,00355 C,Client,ETD,Cleared,USD,1,Security,CUSIP 38942Q103,11696.56,0.00,0
2020-12-07,OCC,00355,00355 C,Client,ETD,Cleared,USD,1,Security,CUSIP 400506101,2815042.44,0.00,0
2020-12-07,OCC,00355,00355 C,Client,ETD,Cleared,USD,1,Security,CUSIP 40415F101,330320.98,0.00,0
2020-12-07,OCC,00355,00355 C,Client,ETD,Cleared,USD,1,Security,CUSIP 404280406,935819.28,0.00,0
2020-12-07,OCC,00355,00355 C,Client,ETD,Cleared,USD,1,Security,CUSIP 40434L105,21706792.96,0.00,0
2020-12-07,OCC,00355,00355 C,Client,ETD,Cleared,USD,1,Security,CUSIP 422347104,5647040.22,0.00,0
2020-12-07,OCC,00355,00355 C,Client,ETD,Cleared,USD,1,Security,CUSIP 42824C109,9825340.48,0.00,0
2020-12-07,OCC,00355,00355 C,Client,ETD,Cleared,USD,1,Security,CUSIP 43289P106,18738.72,0.00,0
2020-12-07,OCC,00355,00355 C,Client,ETD,Cleared,USD,1,Security,CUSIP 435763107,71984.64,0.00,0
2020-12-07,OCC,00355,00355 C,Client,ETD,Cleared,USD,1,Security,CUSIP 443628102,656301.66,0.00,0
2020-12-07,OCC,00355,00355 C,Client,ETD,Cleared,USD,1,Security,CUSIP 45073V108,1242951.25,0.00,0
2020-12-07,OCC,00355,00355 C,Client,ETD,Cleared,USD,1,Security,CUSIP 450913108,1279249.10,0.00,0
2020-12-07,OCC,00355,00355 C,Client,ETD,Cleared,USD,1,Security,CUSIP 45113Y104,53968.14,0.00,0
2020-12-07,OCC,00355,00355 C,Client,ETD,Cleared,USD,1,Security,CUSIP 45778Q107,5645273.19,0.00,0
2020-12-07,OCC,00355,00355 C,Client,ETD,Cleared,USD,1,Security,CUSIP 46137V233,76530.09,0.00,0
2020-12-07,OCC,00355,00355 C,Client,ETD,Cleared,USD,1,Security,CUSIP 46137V241,40922.96,0.00,0
2020-12-07,OCC,00355,00355 C,Client,ETD,Cleared,USD,1,Security,CUSIP 46137V258,489027.70,0.00,0
2020-12-07,OCC,00355,00355 C,Client,ETD,Cleared,USD,1,Security,CUSIP 46137V266,132123.75,0.00,0
2020-12-07,OCC,00355,00355 C,Client,ETD,Cleared,USD,1,Security,CUSIP 46137V308,48800.46,0.00,0
2020-12-07,OCC,00355,00355 C,Client,ETD,Cleared,USD,1,Security,CUSIP 46137V530,713122.08,0.00,0
2020-12-07,OCC,00355,00355 C,Client,ETD,Cleared,USD,1,Security,CUSIP 46137V563,302550.08,0.00,0
2020-12-07,OCC,00355,00355 C,Client,ETD,Cleared,USD,1,Security,CUSIP 46137V597,238744.60,0.00,0
2020-12-07,OCC,00355,00355 C,Client,ETD,Cleared,USD,1,Security,CUSIP 46137V613,1238526.60,0.00,0
2020-12-07,OCC,00355,00355 C,Client,ETD,Cleared,USD,1,Security,CUSIP 46137V639,506918.50,0.00,0
2020-12-07,OCC,00355,00355 C,Client,ETD,Cleared,USD,1,Security,CUSIP 46137V738,54797.76,0.00,0
2020-12-07,OCC,00355,00355 C,Client,ETD,Cleared,USD,1,Security,CUSIP 46137V746,262950.89,0.00,0
2020-12-07,OCC,00355,00355 C,Client,ETD,Cleared,USD,1,Security,CUSIP 46137V803,103362.00,0.00,0
2020-12-07,OCC,00355,00355 C,Client,ETD,Cleared,USD,1,Security,CUSIP 46137V837,24134.40,0.00,0
2020-12-07,OCC,00355,00355 C,Client,ETD,Cleared,USD,1,Security,CUSIP 46138E198,31933.20,0.00,0
2020-12-07,OCC,00355,00355 C,Client,ETD,Cleared,USD,1,Security,CUSIP 46138E594,42.44,0.00,0
2020-12-07,OCC,00355,00355 C,Client,ETD,Cleared,USD,1,Security,CUSIP 46138G508,3500004.00,0.00,0
2020-12-07,OCC,00355,00355 C,Client,ETD,Cleared,USD,1,Security,CUSIP 46138J601,192358.47,0.00,0
2020-12-07,OCC,00355,00355 C,Client,ETD,Cleared,USD,1,Security,CUSIP 46267X108,139696582.55,0.00,0
2020-12-07,OCC,00355,00355 C,Client,ETD,Cleared,USD,1,Security,CUSIP 46428Q109,5252639.14,0.00,0
2020-12-07,OCC,00355,00355 C,Client,ETD,Cleared,USD,1,Security,CUSIP 464285105,429269.89,0.00,0
2020-12-07,OCC,00355,00355 C,Client,ETD,Cleared,USD,1,Security,CUSIP 464286400,4196515.74,0.00,0
2020-12-07,OCC,00355,00355 C,Client,ETD,Cleared,USD,1,Security,CUSIP 464286608,1715209.12,0.00,0
2020-12-07,OCC,00355,00355 C,Client,ETD,Cleared,USD,1,Security,CUSIP 464286681,31769.99,0.00,0
2020-12-07,OCC,00355,00355 C,Client,ETD,Cleared,USD,1,Security,CUSIP 464286707,56261.45,0.00,0
2020-12-07,OCC,00355,00355 C,Client,ETD,Cleared,USD,1,Security,CUSIP 464286780,41797.32,0.00,0
2020-12-07,OCC,00355,00355 C,Client,ETD,Cleared,USD,1,Security,CUSIP 464287101,124464.90,0.00,0
2020-12-07,OCC,00355,00355 C,Client,ETD,Cleared,USD,1,Security,CUSIP 464287168,293673.59,0.00,0
2020-12-07,OCC,00355,00355 C,Client,ETD,Cleared,USD,1,Security,CUSIP 464287184,29269989.72,0.00,0
2020-12-07,OCC,00355,00355 C,Client,ETD,Cleared,USD,1,Security,CUSIP 464287200,480168.00,0.00,0
2020-12-07,OCC,00355,00355 C,Client,ETD,Cleared,USD,1,Security,CUSIP 464287226,73959.56,0.00,0
2020-12-07,OCC,00355,00355 C,Client,ETD,Cleared,USD,1,Security,CUSIP 464287291,3194671.68,0.00,0
2020-12-07,OCC,00355,00355 C,Client,ETD,Cleared,USD,1,Security,CUSIP 464287309,47913.30,0.00,0
2020-12-07,OCC,00355,00355 C,Client,ETD,Cleared,USD,1,Security,CUSIP 464287374,185141.70,0.00,0
2020-12-07,OCC,00355,00355 C,Client,ETD,Cleared,USD,1,Security,CUSIP 464287408,144771.84,0.00,0
2020-12-07,OCC,00355,00355 C,Client,ETD,Cleared,USD,1,Security,CUSIP 464287440,118253.72,0.00,0
2020-12-07,OCC,00355,00355 C,Client,ETD,Cleared,USD,1,Security,CUSIP 464287457,4527780.46,0.00,0
2020-12-07,OCC,00355,00355 C,Client,ETD,Cleared,USD,1,Security,CUSIP 464287465,12526998.65,0.00,0
2020-12-07,OCC,00355,00355 C,Client,ETD,Cleared,USD,1,Security,CUSIP 464287473,44537.70,0.00,0
2020-12-07,OCC,00355,00355 C,Client,ETD,Cleared,USD,1,Security,CUSIP 464287499,819015.12,0.00,0
2020-12-07,OCC,00355,00355 C,Client,ETD,Cleared,USD,1,Security,CUSIP 464287507,2480634.90,0.00,0
2020-12-07,OCC,00355,00355 C,Client,ETD,Cleared,USD,1,Security,CUSIP 464287614,798069.76,0.00,0
2020-12-07,OCC,00355,00355 C,Client,ETD,Cleared,USD,1,Security,CUSIP 464287655,26778217.00,0.00,0
2020-12-07,OCC,00355,00355 C,Client,ETD,Cleared,USD,1,Security,CUSIP 464287671,56491.50,0.00,0
2020-12-07,OCC,00355,00355 C,Client,ETD,Cleared,USD,1,Security,CUSIP 464287689,93660.36,0.00,0
2020-12-07,OCC,00355,00355 C,Client,ETD,Cleared,USD,1,Security,CUSIP 464287739,121680.54,0.00,0
2020-12-07,OCC,00355,00355 C,Client,ETD,Cleared,USD,1,Security,CUSIP 464287762,266100.87,0.00,0
2020-12-07,OCC,00355,00355 C,Client,ETD,Cleared,USD,1,Security,CUSIP 464287770,199408.54,0.00,0
2020-12-07,OCC,00355,00355 C,Client,ETD,Cleared,USD,1,Security,CUSIP 464287788,588559.18,0.00,0
2020-12-07,OCC,00355,00355 C,Client,ETD,Cleared,USD,1,Security,CUSIP 464287812,144744.60,0.00,0
2020-12-07,OCC,00355,00355 C,Client,ETD,Cleared,USD,1,Security,CUSIP 464287838,22907.20,0.00,0
2020-12-07,OCC,00355,00355 C,Client,ETD,Cleared,USD,1,Security,CUSIP 464288273,6903126.72,0.00,0
2020-12-07,OCC,00355,00355 C,Client,ETD,Cleared,USD,1,Security,CUSIP 464288281,4849413.32,0.00,0
2020-12-07,OCC,00355,00355 C,Client,ETD,Cleared,USD,1,Security,CUSIP 464288414,207787.20,0.00,0
2020-12-07,OCC,00355,00355 C,Client,ETD,Cleared,USD,1,Security,CUSIP 464288588,152692.77,0.00,0
2020-12-07,OCC,00355,00355 C,Client,ETD,Cleared,USD,1,Security,CUSIP 464288646,4127250.00,0.00,0
2020-12-07,OCC,00355,00355 C,Client,ETD,Cleared,USD,1,Security,CUSIP 464288661,1652447.10,0.00,0
2020-12-07,OCC,00355,00355 C,Client,ETD,Cleared,USD,1,Security,CUSIP 464288687,30406812.08,0.00,0
2020-12-07,OCC,00355,00355 C,Client,ETD,Cleared,USD,1,Security,CUSIP 464288778,37605.69,0.00,0
2020-12-07,OCC,00355,00355 C,Client,ETD,Cleared,USD,1,Security,CUSIP 464288786,2828490.35,0.00,0
2020-12-07,OCC,00355,00355 C,Client,ETD,Cleared,USD,1,Security,CUSIP 464288794,22005.20,0.00,0
2020-12-07,OCC,00355,00355 C,Client,ETD,Cleared,USD,1,Security,CUSIP 464288877,1933910.44,0.00,0
2020-12-07,OCC,00355,00355 C,Client,ETD,Cleared,USD,1,Security,CUSIP 46429B655,180750.99,0.00,0
2020-12-07,OCC,00355,00355 C,Client,ETD,Cleared,USD,1,Security,CUSIP 46432F339,93120.16,0.00,0
2020-12-07,OCC,00355,00355 C,Client,ETD,Cleared,USD,1,Security,CUSIP 46432F388,100985.52,0.00,0
2020-12-07,OCC,00355,00355 C,Client,ETD,Cleared,USD,1,Security,CUSIP 46432F842,3059388.48,0.00,0
2020-12-07,OCC,00355,00355 C,Client,ETD,Cleared,USD,1,Security,CUSIP 46434G103,1639790.57,0.00,0
2020-12-07,OCC,00355,00355 C,Client,ETD,Cleared,USD,1,Security,CUSIP 46434G830,287943.60,0.00,0
2020-12-07,OCC,00355,00355 C,Client,ETD,Cleared,USD,1,Security,CUSIP 46434V423,58132.05,0.00,0
2020-12-07,OCC,00355,00355 C,Client,ETD,Cleared,USD,1,Security,CUSIP 46435G334,1953649.96,0.00,0
2020-12-07,OCC,00355,00355 C,Client,ETD,Cleared,USD,1,Security,CUSIP 46591M109,3959134.06,0.00,0
2020-12-07,OCC,00355,00355 C,Client,ETD,Cleared,USD,1,Security,CUSIP 48138M105,534227.75,0.00,0
2020-12-07,OCC,00355,00355 C,Client,ETD,Cleared,USD,1,Security,CUSIP 482497104,13872909.87,0.00,0
2020-12-07,OCC,00355,00355 C,Client,ETD,Cleared,USD,1,Security,CUSIP 500767306,1819.68,0.00,0
2020-12-07,OCC,00355,00355 C,Client,ETD,Cleared,USD,1,Security,CUSIP 50107A104,268029.30,0.00,0
2020-12-07,OCC,00355,00355 C,Client,ETD,Cleared,USD,1,Security,CUSIP 501242101,317457.17,0.00,0
2020-12-07,OCC,00355,00355 C,Client,ETD,Cleared,USD,1,Security,CUSIP 501575104,292186.30,0.00,0
2020-12-07,OCC,00355,00355 C,Client,ETD,Cleared,USD,1,Security,CUSIP 502175102,759210.40,0.00,0
2020-12-07,OCC,00355,00355 C,Client,ETD,Cleared,USD,1,Security,CUSIP 50736T102,85712.34,0.00,0
2020-12-07,OCC,00355,00355 C,Client,ETD,Cleared,USD,1,Security,CUSIP 513847103,1616495.30,0.00,0
2020-12-07,OCC,00355,00355 C,Client,ETD,Cleared,USD,1,Security,CUSIP 51476X105,51100.51,0.00,0
2020-12-07,OCC,00355,00355 C,Client,ETD,Cleared,USD,1,Security,CUSIP 516806205,648627.60,0.00,0
2020-12-07,OCC,00355,00355 C,Client,ETD,Cleared,USD,1,Security,CUSIP 523768109,2679.50,0.00,0
2020-12-07,OCC,00355,00355 C,Client,ETD,Cleared,USD,1,Security,CUSIP 52736R102,176663.74,0.00,0
2020-12-07,OCC,00355,00355 C,Client,ETD,Cleared,USD,1,Security,CUSIP 528877103,710579.52,0.00,0
2020-12-07,OCC,00355,00355 C,Client,ETD,Cleared,USD,1,Security,CUSIP 53227R106,3629456.00,0.00,0
2020-12-07,OCC,00355,00355 C,Client,ETD,Cleared,USD,1,Security,CUSIP 53680Q207,378.72,0.00,0
2020-12-07,OCC,00355,00355 C,Client,ETD,Cleared,USD,1,Security,CUSIP 552690109,755819.22,0.00,0
2020-12-07,OCC,00355,00355 C,Client,ETD,Cleared,USD,1,Security,CUSIP 55303A105,300797.28,0.00,0
2020-12-07,OCC,00355,00355 C,Client,ETD,Cleared,USD,1,Security,CUSIP 55336V100,49340789.58,0.00,0
2020-12-07,OCC,00355,00355 C,Client,ETD,Cleared,USD,1,Security,CUSIP 55903Q104,734030.57,0.00,0
2020-12-07,OCC,00355,00355 C,Client,ETD,Cleared,USD,1,Security,CUSIP 559080106,2077411.38,0.00,0
2020-12-07,OCC,00355,00355 C,Client,ETD,Cleared,USD,1,Security,CUSIP 57667T100,91662.58,0.00,0
2020-12-07,OCC,00355,00355 C,Client,ETD,Cleared,USD,1,Security,CUSIP 58463J304,788998.00,0.00,0
2020-12-07,OCC,00355,00355 C,Client,ETD,Cleared,USD,1,Security,CUSIP 59151K108,553856.96,0.00,0
2020-12-07,OCC,00355,00355 C,Client,ETD,Cleared,USD,1,Security,CUSIP 594837403,388299.42,0.00,0
2020-12-07,OCC,00355,00355 C,Client,ETD,Cleared,USD,1,Security,CUSIP 600551204,202897.17,0.00,0
2020-12-07,OCC,00355,00355 C,Client,ETD,Cleared,USD,1,Security,CUSIP 610236101,864002.34,0.00,0
2020-12-07,OCC,00355,00355 C,Client,ETD,Cleared,USD,1,Security,CUSIP 628464109,323077.44,0.00,0
2020-12-07,OCC,00355,00355 C,Client,ETD,Cleared,USD,1,Security,CUSIP 62914V106,11601434.91,0.00,0
2020-12-07,OCC,00355,00355 C,Client,ETD,Cleared,USD,1,Security,CUSIP 636274409,31141.05,0.00,0
2020-12-07,OCC,00355,00355 C,Client,ETD,Cleared,USD,1,Security,CUSIP 64107N206,14856.48,0.00,0
2020-12-07,OCC,00355,00355 C,Client,ETD,Cleared,USD,1,Security,CUSIP 644535106,1316446.50,0.00,0
2020-12-07,OCC,00355,00355 C,Client,ETD,Cleared,USD,1,Security,CUSIP 65341B106,681495.15,0.00,0
2020-12-07,OCC,00355,00355 C,Client,ETD,Cleared,USD,1,Security,CUSIP 653656108,48986250.24,0.00,0
2020-12-07,OCC,00355,00355 C,Client,ETD,Cleared,USD,1,Security,CUSIP 654106103,395196213.75,0.00,0
2020-12-07,OCC,00355,00355 C,Client,ETD,Cleared,USD,1,Security,CUSIP 65548P403,133957.20,0.00,0
2020-12-07,OCC,00355,00355 C,Client,ETD,Cleared,USD,1,Security,CUSIP 67401P108,3502055.20,0.00,0
2020-12-07,OCC,00355,00355 C,Client,ETD,Cleared,USD,1,Security,CUSIP 674215207,6323031.00,0.00,0
2020-12-07,OCC,00355,00355 C,Client,ETD,Cleared,USD,1,Security,CUSIP 674599105,20632153.02,0.00,0
2020-12-07,OCC,00355,00355 C,Client,ETD,Cleared,USD,1,Security,CUSIP 68373J104,20764304.30,0.00,0
2020-12-07,OCC,00355,00355 C,Client,ETD,Cleared,USD,1,Security,CUSIP 68827L101,1980643.20,0.00,0
2020-12-07,OCC,00355,00355 C,Client,ETD,Cleared,USD,1,Security,CUSIP 690145107,290467.52,0.00,0
2020-12-07,OCC,00355,00355 C,Client,ETD,Cleared,USD,1,Security,CUSIP 69121K104,429585.04,0.00,0
2020-12-07,OCC,00355,00355 C,Client,ETD,Cleared,USD,1,Security,CUSIP 693483109,197263.54,0.00,0
2020-12-07,OCC,00355,00355 C,Client,ETD,Cleared,USD,1,Security,CUSIP 69351T106,3411224.00,0.00,0
2020-12-07,OCC,00355,00355 C,Client,ETD,Cleared,USD,1,Security,CUSIP 69526K105,361570.88,0.00,0
2020-12-07,OCC,00355,00355 C,Client,ETD,Cleared,USD,1,Security,CUSIP 697900108,345642.25,0.00,0
2020-12-07,OCC,00355,00355 C,Client,ETD,Cleared,USD,1,Security,CUSIP 701877102,20190169.50,0.00,0
2020-12-07,OCC,00355,00355 C,Client,ETD,Cleared,USD,1,Security,CUSIP 715684106,74528.00,0.00,0
2020-12-07,OCC,00355,00355 C,Client,ETD,Cleared,USD,1,Security,CUSIP 71654V408,22079232.36,0.00,0
2020-12-07,OCC,00355,00355 C,Client,ETD,Cleared,USD,1,Security,CUSIP 719156101,62577.90,0.00,0
2020-12-07,OCC,00355,00355 C,Client,ETD,Cleared,USD,1,Security,CUSIP 72201R783,14672693.70,0.00,0
2020-12-07,OCC,00355,00355 C,Client,ETD,Cleared,USD,1,Security,CUSIP 726503105,7396850.45,0.00,0
2020-12-07,OCC,00355,00355 C,Client,ETD,Cleared,USD,1,Security,CUSIP 72651A207,122653.92,0.00,0
2020-12-07,OCC,00355,00355 C,Client,ETD,Cleared,USD,1,Security,CUSIP 74006W108,204233.44,0.00,0
2020-12-07,OCC,00355,00355 C,Client,ETD,Cleared,USD,1,Security,CUSIP 74022D407,55782.64,0.00,0
2020-12-07,OCC,00355,00355 C,Client,ETD,Cleared,USD,1,Security,CUSIP 74065P101,127223.62,0.00,0
2020-12-07,OCC,00355,00355 C,Client,ETD,Cleared,USD,1,Security,CUSIP 74139C102,175144.77,0.00,0
2020-12-07,OCC,00355,00355 C,Client,ETD,Cleared,USD,1,Security,CUSIP 74347B177,175855.51,0.00,0
2020-12-07,OCC,00355,00355 C,Client,ETD,Cleared,USD,1,Security,CUSIP 74347B318,90943.60,0.00,0
2020-12-07,OCC,00355,00355 C,Client,ETD,Cleared,USD,1,Security,CUSIP 74347B367,52238.42,0.00,0
2020-12-07,OCC,00355,00355 C,Client,ETD,Cleared,USD,1,Security,CUSIP 74347G507,60002.97,0.00,0
2020-12-07,OCC,00355,00355 C,Client,ETD,Cleared,USD,1,Security,CUSIP 74347G606,847418.10,0.00,0
2020-12-07,OCC,00355,00355 C,Client,ETD,Cleared,USD,1,Security,CUSIP 74347R222,124816.89,0.00,0
2020-12-07,OCC,00355,00355 C,Client,ETD,Cleared,USD,1,Security,CUSIP 74347R263,22933.89,0.00,0
2020-12-07,OCC,00355,00355 C,Client,ETD,Cleared,USD,1,Security,CUSIP 74347W148,2768.88,0.00,0
2020-12-07,OCC,00355,00355 C,Client,ETD,Cleared,USD,1,Security,CUSIP 74347X310,78946.12,0.00,0
2020-12-07,OCC,00355,00355 C,Client,ETD,Cleared,USD,1,Security,CUSIP 74347X500,707545.74,0.00,0
2020-12-07,OCC,00355,00355 C,Client,ETD,Cleared,USD,1,Security,CUSIP 74347X526,343812.27,0.00,0
2020-12-07,OCC,00355,00355 C,Client,ETD,Cleared,USD,1,Security,CUSIP 74347X559,33369.18,0.00,0
2020-12-07,OCC,00355,00355 C,Client,ETD,Cleared,USD,1,Security,CUSIP 74347X708,333005.57,0.00,0
2020-12-07,OCC,00355,00355 C,Client,ETD,Cleared,USD,1,Security,CUSIP 74347X831,3649247.16,0.00,0
2020-12-07,OCC,00355,00355 C,Client,ETD,Cleared,USD,1,Security,CUSIP 74348A152,58611.60,0.00,0
2020-12-07,OCC,00355,00355 C,Client,ETD,Cleared,USD,1,Security,CUSIP 745848101,254904.00,0.00,0
2020-12-07,OCC,00355,00355 C,Client,ETD,Cleared,USD,1,Security,CUSIP 747798106,303547.56,0.00,0
2020-12-07,OCC,00355,00355 C,Client,ETD,Cleared,USD,1,Security,CUSIP 750481103,5132971.20,0.00,0
2020-12-07,OCC,00355,00355 C,Client,ETD,Cleared,USD,1,Security,CUSIP 75686R202,92314.00,0.00,0
2020-12-07,OCC,00355,00355 C,Client,ETD,Cleared,USD,1,Security,CUSIP 760273102,53041.00,0.00,0
2020-12-07,OCC,00355,00355 C,Client,ETD,Cleared,USD,1,Security,CUSIP 76117W109,102883.32,0.00,0
2020-12-07,OCC,00355,00355 C,Client,ETD,Cleared,USD,1,Security,CUSIP 767204100,6438216.07,0.00,0
2020-12-07,OCC,00355,00355 C,Client,ETD,Cleared,USD,1,Security,CUSIP 76761L102,654404.80,0.00,0
2020-12-07,OCC,00355,00355 C,Client,ETD,Cleared,USD,1,Security,CUSIP 780259206,497611.16,0.00,0
2020-12-07,OCC,00355,00355 C,Client,ETD,Cleared,USD,1,Security,CUSIP 783513203,1721426.12,0.00,0
2020-12-07,OCC,00355,00355 C,Client,ETD,Cleared,USD,1,Security,CUSIP 78463V107,723345.04,0.00,0
2020-12-07,OCC,00355,00355 C,Client,ETD,Cleared,USD,1,Security,CUSIP 78464A201,6071.45,0.00,0
2020-12-07,OCC,00355,00355 C,Client,ETD,Cleared,USD,1,Security,CUSIP 78464A722,1293638.40,0.00,0
2020-12-07,OCC,00355,00355 C,Client,ETD,Cleared,USD,1,Security,CUSIP 78464A763,50114.35,0.00,0
2020-12-07,OCC,00355,00355 C,Client,ETD,Cleared,USD,1,Security,CUSIP 78464A789,276552.00,0.00,0
2020-12-07,OCC,00355,00355 C,Client,ETD,Cleared,USD,1,Security,CUSIP 78464A847,5427.54,0.00,0
2020-12-07,OCC,00355,00355 C,Client,ETD,Cleared,USD,1,Security,CUSIP 78464A862,29511.00,0.00,0
2020-12-07,OCC,00355,00355 C,Client,ETD,Cleared,USD,1,Security,CUSIP 78467X109,6942763.80,0.00,0
2020-12-07,OCC,00355,00355 C,Client,ETD,Cleared,USD,1,Security,CUSIP 78467Y107,1012832.00,0.00,0
2020-12-07,OCC,00355,00355 C,Client,ETD,Cleared,USD,1,Security,CUSIP 784730103,22375.64,0.00,0
2020-12-07,OCC,00355,00355 C,Client,ETD,Cleared,USD,1,Security,CUSIP 803866300,533310.00,0.00,0
2020-12-07,OCC,00355,00355 C,Client,ETD,Cleared,USD,1,Security,CUSIP 81141R100,3113180.46,0.00,0
2020-12-07,OCC,00355,00355 C,Client,ETD,Cleared,USD,1,Security,CUSIP 81369Y100,1070577.03,0.00,0
2020-12-07,OCC,00355,00355 C,Client,ETD,Cleared,USD,1,Security,CUSIP 81369Y308,494158.95,0.00,0
2020-12-07,OCC,00355,00355 C,Client,ETD,Cleared,USD,1,Security,CUSIP 81369Y506,240262.40,0.00,0
2020-12-07,OCC,00355,00355 C,Client,ETD,Cleared,USD,1,Security,CUSIP 81369Y852,1374892.60,0.00,0
2020-12-07,OCC,00355,00355 C,Client,ETD,Cleared,USD,1,Security,CUSIP 81369Y860,835296.00,0.00,0
2020-12-07,OCC,00355,00355 C,Client,ETD,Cleared,USD,1,Security,CUSIP 81369Y886,12811512.60,0.00,0
2020-12-07,OCC,00355,00355 C,Client,ETD,Cleared,USD,1,Security,CUSIP 82024L103,159337.60,0.00,0
2020-12-07,OCC,00355,00355 C,Client,ETD,Cleared,USD,1,Security,CUSIP 82452J109,7890817.90,0.00,0
2020-12-07,OCC,00355,00355 C,Client,ETD,Cleared,USD,1,Security,CUSIP 82706C108,546616.00,0.00,0
2020-12-07,OCC,00355,00355 C,Client,ETD,Cleared,USD,1,Security,CUSIP 828363101,1842863.11,0.00,0
2020-12-07,OCC,00355,00355 C,Client,ETD,Cleared,USD,1,Security,CUSIP 82935M109,39276.00,0.00,0
2020-12-07,OCC,00355,00355 C,Client,ETD,Cleared,USD,1,Security,CUSIP 82981J109,195903.92,0.00,0
2020-12-07,OCC,00355,00355 C,Client,ETD,Cleared,USD,1,Security,CUSIP 83175M205,57669.00,0.00,0
2020-12-07,OCC,00355,00355 C,Client,ETD,Cleared,USD,1,Security,CUSIP 83304A106,5935631.85,0.00,0
2020-12-07,OCC,00355,00355 C,Client,ETD,Cleared,USD,1,Security,CUSIP 838518108,545739.28,0.00,0
2020-12-07,OCC,00355,00355 C,Client,ETD,Cleared,USD,1,Security,CUSIP 847215100,236619.56,0.00,0
2020-12-07,OCC,00355,00355 C,Client,ETD,Cleared,USD,1,Security,CUSIP 84857L101,143577.00,0.00,0
2020-12-07,OCC,00355,00355 C,Client,ETD,Cleared,USD,1,Security,CUSIP 852066208,124009.62,0.00,0
2020-12-07,OCC,00355,00355 C,Client,ETD,Cleared,USD,1,Security,CUSIP 85209E109,603466.20,0.00,0
2020-12-07,OCC,00355,00355 C,Client,ETD,Cleared,USD,1,Security,CUSIP 85512C105,50153.04,0.00,0
2020-12-07,OCC,00355,00355 C,Client,ETD,Cleared,USD,1,Security,CUSIP 85914M107,80243.46,0.00,0
2020-12-07,OCC,00355,00355 C,Client,ETD,Cleared,USD,1,Security,CUSIP 86389T106,15171.90,0.00,0
2020-12-07,OCC,00355,00355 C,Client,ETD,Cleared,USD,1,Security,CUSIP 864482104,170235.75,0.00,0
2020-12-07,OCC,00355,00355 C,Client,ETD,Cleared,USD,1,Security,CUSIP 8676EP108,499976.46,0.00,0
2020-12-07,OCC,00355,00355 C,Client,ETD,Cleared,USD,1,Security,CUSIP 86765K109,302449.41,0.00,0
2020-12-07,OCC,00355,00355 C,Client,ETD,Cleared,USD,1,Security,CUSIP 868168105,342.40,0.00,0
2020-12-07,OCC,00355,00355 C,Client,ETD,Cleared,USD,1,Security,CUSIP 874039100,4135060.13,0.00,0
2020-12-07,OCC,00355,00355 C,Client,ETD,Cleared,USD,1,Security,CUSIP 874060205,225240.00,0.00,0
2020-12-07,OCC,00355,00355 C,Client,ETD,Cleared,USD,1,Security,CUSIP 87650L103,43520.00,0.00,0
2020-12-07,OCC,00355,00355 C,Client,ETD,Cleared,USD,1,Security,CUSIP 87663X102,116300.52,0.00,0
2020-12-07,OCC,00355,00355 C,Client,ETD,Cleared,USD,1,Security,CUSIP 877619106,89077.56,0.00,0
2020-12-07,OCC,00355,00355 C,Client,ETD,Cleared,USD,1,Security,CUSIP 88031M109,285720.72,0.00,0
2020-12-07,OCC,00355,00355 C,Client,ETD,Cleared,USD,1,Security,CUSIP 88034P109,205984831.48,0.00,0
2020-12-07,OCC,00355,00355 C,Client,ETD,Cleared,USD,1,Security,CUSIP 881624209,886114.98,0.00,0
2020-12-07,OCC,00355,00355 C,Client,ETD,Cleared,USD,1,Security,CUSIP 882610108,1166746.77,0.00,0
2020-12-07,OCC,00355,00355 C,Client,ETD,Cleared,USD,1,Security,CUSIP 89346D107,66124.80,0.00,0
2020-12-07,OCC,00355,00355 C,Client,ETD,Cleared,USD,1,Security,CUSIP 894650100,302001.77,0.00,0
2020-12-07,OCC,00355,00355 C,Client,ETD,Cleared,USD,1,Security,CUSIP 89677Q107,53959984.39,0.00,0
2020-12-07,OCC,00355,00355 C,Client,ETD,Cleared,USD,1,Security,CUSIP 900435207,6782083.14,0.00,0
2020-12-07,OCC,00355,00355 C,Client,ETD,Cleared,USD,1,Security,CUSIP 90138A103,721038.23,0.00,0
2020-12-07,OCC,00355,00355 C,Client,ETD,Cleared,USD,1,Security,CUSIP 902788108,1736799.02,0.00,0
2020-12-07,OCC,00355,00355 C,Client,ETD,Cleared,USD,1,Security,CUSIP 904708104,1592452.50,0.00,0
2020-12-07,OCC,00355,00355 C,Client,ETD,Cleared,USD,1,Security,CUSIP 909907107,574051.92,0.00,0
2020-12-07,OCC,00355,00355 C,Client,ETD,Cleared,USD,1,Security,CUSIP 912318300,878456.56,0.00,0
2020-12-07,OCC,00355,00355 C,Client,ETD,Cleared,USD,1,Security,CUSIP 91232N207,4163074.80,0.00,0
2020-12-07,OCC,00355,00355 C,Client,ETD,Cleared,USD,1,Security,CUSIP 91324P102,29576100.78,0.00,0
2020-12-07,OCC,00355,00355 C,Client,ETD,Cleared,USD,1,Security,CUSIP 91388P105,57264.48,0.00,0
2020-12-07,OCC,00355,00355 C,Client,ETD,Cleared,USD,1,Security,CUSIP 92189F106,18853308.50,0.00,0
2020-12-07,OCC,00355,00355 C,Client,ETD,Cleared,USD,1,Security,CUSIP 92189F403,14838503.40,0.00,0
2020-12-07,OCC,00355,00355 C,Client,ETD,Cleared,USD,1,Security,CUSIP 92189F791,13921049.12,0.00,0
2020-12-07,OCC,00355,00355 C,Client,ETD,Cleared,USD,1,Security,CUSIP 92189F817,97360.90,0.00,0
2020-12-07,OCC,00355,00355 C,Client,ETD,Cleared,USD,1,Security,CUSIP 92189H607,170728.78,0.00,0
2020-12-07,OCC,00355,00355 C,Client,ETD,Cleared,USD,1,Security,CUSIP 92189H805,1313843.86,0.00,0
2020-12-07,OCC,00355,00355 C,Client,ETD,Cleared,USD,1,Security,CUSIP 921908844,17812.48,0.00,0
2020-12-07,OCC,00355,00355 C,Client,ETD,Cleared,USD,1,Security,CUSIP 921932505,135396.00,0.00,0
2020-12-07,OCC,00355,00355 C,Client,ETD,Cleared,USD,1,Security,CUSIP 921943858,4437185.60,0.00,0
2020-12-07,OCC,00355,00355 C,Client,ETD,Cleared,USD,1,Security,CUSIP 921946406,318738.10,0.00,0
2020-12-07,OCC,00355,00355 C,Client,ETD,Cleared,USD,1,Security,CUSIP 92204A108,3415135.39,0.00,0
2020-12-07,OCC,00355,00355 C,Client,ETD,Cleared,USD,1,Security,CUSIP 92204A504,45743.36,0.00,0
2020-12-07,OCC,00355,00355 C,Client,ETD,Cleared,USD,1,Security,CUSIP 922042858,1056616.10,0.00,0
2020-12-07,OCC,00355,00355 C,Client,ETD,Cleared,USD,1,Security,CUSIP 922042874,13448666.34,0.00,0
2020-12-07,OCC,00355,00355 C,Client,ETD,Cleared,USD,1,Security,CUSIP 92206C409,21014.18,0.00,0
2020-12-07,OCC,00355,00355 C,Client,ETD,Cleared,USD,1,Security,CUSIP 92206C599,46183.50,0.00,0
2020-12-07,OCC,00355,00355 C,Client,ETD,Cleared,USD,1,Security,CUSIP 92206C870,79641.71,0.00,0
2020-12-07,OCC,00355,00355 C,Client,ETD,Cleared,USD,1,Security,CUSIP 922908363,1505620.02,0.00,0
2020-12-07,OCC,00355,00355 C,Client,ETD,Cleared,USD,1,Security,CUSIP 922908512,79252.94,0.00,0
2020-12-07,OCC,00355,00355 C,Client,ETD,Cleared,USD,1,Security,CUSIP 922908553,40030763.89,0.00,0
2020-12-07,OCC,00355,00355 C,Client,ETD,Cleared,USD,1,Security,CUSIP 922908637,34650.00,0.00,0
2020-12-07,OCC,00355,00355 C,Client,ETD,Cleared,USD,1,Security,CUSIP 922908652,2440409.90,0.00,0
2020-12-07,OCC,00355,00355 C,Client,ETD,Cleared,USD,1,Security,CUSIP 922908736,184730.20,0.00,0
2020-12-07,OCC,00355,00355 C,Client,ETD,Cleared,USD,1,Security,CUSIP 922908744,102179.20,0.00,0
2020-12-07,OCC,00355,00355 C,Client,ETD,Cleared,USD,1,Security,CUSIP 922908769,1233693.70,0.00,0
2020-12-07,OCC,00355,00355 C,Client,ETD,Cleared,USD,1,Security,CUSIP 923725105,17447.12,0.00,0
2020-12-07,OCC,00355,00355 C,Client,ETD,Cleared,USD,1,Security,CUSIP 92645B103,2339743.00,0.00,0
2020-12-07,OCC,00355,00355 C,Client,ETD,Cleared,USD,1,Security,CUSIP 92707Y108,1250717.41,0.00,0
2020-12-07,OCC,00355,00355 C,Client,ETD,Cleared,USD,1,Security,CUSIP 92762J103,28143.50,0.00,0
2020-12-07,OCC,00355,00355 C,Client,ETD,Cleared,USD,1,Security,CUSIP 92763M105,138964.56,0.00,0
2020-12-07,OCC,00355,00355 C,Client,ETD,Cleared,USD,1,Security,CUSIP 92763W103,131351900.40,0.00,0
2020-12-07,OCC,00355,00355 C,Client,ETD,Cleared,USD,1,Security,CUSIP 928298108,365877.68,0.00,0
2020-12-07,OCC,00355,00355 C,Client,ETD,Cleared,USD,1,Security,CUSIP 92857W308,83208.32,0.00,0
2020-12-07,OCC,00355,00355 C,Client,ETD,Cleared,USD,1,Security,CUSIP 92932M101,63387.00,0.00,0
2020-12-07,OCC,00355,00355 C,Client,ETD,Cleared,USD,1,Security,CUSIP 950810101,97429.28,0.00,0
2020-12-07,OCC,00355,00355 C,Client,ETD,Cleared,USD,1,Security,CUSIP 969457100,1126656.00,0.00,0
2020-12-07,OCC,00355,00355 C,Client,ETD,Cleared,USD,1,Security,CUSIP 97717W851,334829.14,0.00,0
2020-12-07,OCC,00355,00355 C,Client,ETD,Cleared,USD,1,Security,CUSIP 97717X578,19335000.00,0.00,0
2020-12-07,OCC,00355,00355 C,Client,ETD,Cleared,USD,1,Security,CUSIP 97717X701,21470.82,0.00,0
2020-12-07,OCC,00355,00355 C,Client,ETD,Cleared,USD,1,Security,CUSIP 981475106,450476.60,0.00,0
2020-12-07,OCC,00355,00355 C,Client,ETD,Cleared,USD,1,Security,CUSIP 98422D105,8339091.60,0.00,0
2020-12-07,OCC,00355,00355 C,Client,ETD,Cleared,USD,1,Security,CUSIP 98462Y100,76135.75,0.00,0
2020-12-07,OCC,00355,00355 C,Client,ETD,Cleared,USD,1,Security,CUSIP 98980A105,1043070.27,0.00,0
2020-12-07,OCC,00355,00355 C,Client,ETD,Cleared,USD,1,Specific Deposit,CUSIP 00287Y109,3000.00,0.00,0
2020-12-07,OCC,00355,00355 C,Client,ETD,Cleared,USD,1,Specific Deposit,CUSIP 00724F101,1600.00,0.00,0
2020-12-07,OCC,00355,00355 C,Client,ETD,Cleared,USD,1,Specific Deposit,CUSIP 007903107,4500.00,0.00,0
2020-12-07,OCC,00355,00355 C,Client,ETD,Cleared,USD,1,Specific Deposit,CUSIP 009158106,1000.00,0.00,0
2020-12-07,OCC,00355,00355 C,Client,ETD,Cleared,USD,1,Specific Deposit,CUSIP 02079K305,200.00,0.00,0
2020-12-07,OCC,00355,00355 C,Client,ETD,Cleared,USD,1,Specific Deposit,CUSIP 023135106,400.00,0.00,0
2020-12-07,OCC,00355,00355 C,Client,ETD,Cleared,USD,1,Specific Deposit,CUSIP 02376R102,14500.00,0.00,0
2020-12-07,OCC,00355,00355 C,Client,ETD,Cleared,USD,1,Specific Deposit,CUSIP 026874784,11900.00,0.00,0
2020-12-07,OCC,00355,00355 C,Client,ETD,Cleared,USD,1,Specific Deposit,CUSIP 03027X100,1300.00,0.00,0
2020-12-07,OCC,00355,00355 C,Client,ETD,Cleared,USD,1,Specific Deposit,CUSIP 037833100,10000.00,0.00,0
2020-12-07,OCC,00355,00355 C,Client,ETD,Cleared,USD,1,Specific Deposit,CUSIP 05338G106,7000.00,0.00,0
2020-12-07,OCC,00355,00355 C,Client,ETD,Cleared,USD,1,Specific Deposit,CUSIP 064058100,10000.00,0.00,0
2020-12-07,OCC,00355,00355 C,Client,ETD,Cleared,USD,1,Specific Deposit,CUSIP 101137107,12000.00,0.00,0
2020-12-07,OCC,00355,00355 C,Client,ETD,Cleared,USD,1,Specific Deposit,CUSIP 110122108,5200.00,0.00,0
2020-12-07,OCC,00355,00355 C,Client,ETD,Cleared,USD,1,Specific Deposit,CUSIP 12572Q105,1400.00,0.00,0
2020-12-07,OCC,00355,00355 C,Client,ETD,Cleared,USD,1,Specific Deposit,CUSIP 126650100,4400.00,0.00,0
2020-12-07,OCC,00355,00355 C,Client,ETD,Cleared,USD,1,Specific Deposit,CUSIP 12769G100,3000.00,0.00,0
2020-12-07,OCC,00355,00355 C,Client,ETD,Cleared,USD,1,Specific Deposit,CUSIP 143130102,15800.00,0.00,0
2020-12-07,OCC,00355,00355 C,Client,ETD,Cleared,USD,1,Specific Deposit,CUSIP 146869102,200.00,0.00,0
2020-12-07,OCC,00355,00355 C,Client,ETD,Cleared,USD,1,Specific Deposit,CUSIP 149123101,195000.00,0.00,0
2020-12-07,OCC,00355,00355 C,Client,ETD,Cleared,USD,1,Specific Deposit,CUSIP 166764100,3000.00,0.00,0
2020-12-07,OCC,00355,00355 C,Client,ETD,Cleared,USD,1,Specific Deposit,CUSIP 191216100,3200.00,0.00,0
2020-12-07,OCC,00355,00355 C,Client,ETD,Cleared,USD,1,Specific Deposit,CUSIP 20030N101,8200.00,0.00,0
2020-12-07,OCC,00355,00355 C,Client,ETD,Cleared,USD,1,Specific Deposit,CUSIP 21871N101,10000.00,0.00,0
2020-12-07,OCC,00355,00355 C,Client,ETD,Cleared,USD,1,Specific Deposit,CUSIP 244199105,1500.00,0.00,0
2020-12-07,OCC,00355,00355 C,Client,ETD,Cleared,USD,1,Specific Deposit,CUSIP 247361702,9500.00,0.00,0
2020-12-07,OCC,00355,00355 C,Client,ETD,Cleared,USD,1,Specific Deposit,CUSIP 26210C104,1700.00,0.00,0
2020-12-07,OCC,00355,00355 C,Client,ETD,Cleared,USD,1,Specific Deposit,CUSIP 277461406,1500.00,0.00,0
2020-12-07,OCC,00355,00355 C,Client,ETD,Cleared,USD,1,Specific Deposit,CUSIP 28176E108,165400.00,0.00,0
2020-12-07,OCC,00355,00355 C,Client,ETD,Cleared,USD,1,Specific Deposit,CUSIP 30303M102,3100.00,0.00,0
2020-12-07,OCC,00355,00355 C,Client,ETD,Cleared,USD,1,Specific Deposit,CUSIP 35671D857,3000.00,0.00,0
2020-12-07,OCC,00355,00355 C,Client,ETD,Cleared,USD,1,Specific Deposit,CUSIP 37045V100,3500.00,0.00,0
2020-12-07,OCC,00355,00355 C,Client,ETD,Cleared,USD,1,Specific Deposit,CUSIP 437076102,100.00,0.00,0
2020-12-07,OCC,00355,00355 C,Client,ETD,Cleared,USD,1,Specific Deposit,CUSIP 438516106,2100.00,0.00,0
2020-12-07,OCC,00355,00355 C,Client,ETD,Cleared,USD,1,Specific Deposit,CUSIP 45174J509,2500.00,0.00,0
2020-12-07,OCC,00355,00355 C,Client,ETD,Cleared,USD,1,Specific Deposit,CUSIP 46090E103,1200.00,0.00,0
2020-12-07,OCC,00355,00355 C,Client,ETD,Cleared,USD,1,Specific Deposit,CUSIP 464287465,4000.00,0.00,0
2020-12-07,OCC,00355,00355 C,Client,ETD,Cleared,USD,1,Specific Deposit,CUSIP 464287655,1600.00,0.00,0
2020-12-07,OCC,00355,00355 C,Client,ETD,Cleared,USD,1,Specific Deposit,CUSIP 478160104,7000.00,0.00,0
2020-12-07,OCC,00355,00355 C,Client,ETD,Cleared,USD,1,Specific Deposit,CUSIP 512807108,900.00,0.00,0
2020-12-07,OCC,00355,00355 C,Client,ETD,Cleared,USD,1,Specific Deposit,CUSIP 512816109,29200.00,0.00,0
2020-12-07,OCC,00355,00355 C,Client,ETD,Cleared,USD,1,Specific Deposit,CUSIP 55354G100,100.00,0.00,0
2020-12-07,OCC,00355,00355 C,Client,ETD,Cleared,USD,1,Specific Deposit,CUSIP 56400P706,3500.00,0.00,0
2020-12-07,OCC,00355,00355 C,Client,ETD,Cleared,USD,1,Specific Deposit,CUSIP 594918104,8600.00,0.00,0
2020-12-07,OCC,00355,00355 C,Client,ETD,Cleared,USD,1,Specific Deposit,CUSIP 65339F101,1200.00,0.00,0
2020-12-07,OCC,00355,00355 C,Client,ETD,Cleared,USD,1,Specific Deposit,CUSIP 654106103,1600.00,0.00,0
2020-12-07,OCC,00355,00355 C,Client,ETD,Cleared,USD,1,Specific Deposit,CUSIP 67066G104,1000.00,0.00,0
2020-12-07,OCC,00355,00355 C,Client,ETD,Cleared,USD,1,Specific Deposit,CUSIP 68902V107,4500.00,0.00,0
2020-12-07,OCC,00355,00355 C,Client,ETD,Cleared,USD,1,Specific Deposit,CUSIP 718172109,3000.00,0.00,0
2020-12-07,OCC,00355,00355 C,Client,ETD,Cleared,USD,1,Specific Deposit,CUSIP 742718109,21300.00,0.00,0
2020-12-07,OCC,00355,00355 C,Client,ETD,Cleared,USD,1,Specific Deposit,CUSIP 767754872,1000.00,0.00,0
2020-12-07,OCC,00355,00355 C,Client,ETD,Cleared,USD,1,Specific Deposit,CUSIP 78462F103,3500.00,0.00,0
2020-12-07,OCC,00355,00355 C,Client,ETD,Cleared,USD,1,Specific Deposit,CUSIP 78467Y107,1700.00,0.00,0
2020-12-07,OCC,00355,00355 C,Client,ETD,Cleared,USD,1,Specific Deposit,CUSIP 87918A105,30000.00,0.00,0
2020-12-07,OCC,00355,00355 C,Client,ETD,Cleared,USD,1,Specific Deposit,CUSIP 89832Q109,6900.00,0.00,0
2020-12-07,OCC,00355,00355 C,Client,ETD,Cleared,USD,1,Specific Deposit,CUSIP 90333L201,3500.00,0.00,0
2020-12-07,OCC,00355,00355 C,Client,ETD,Cleared,USD,1,Specific Deposit,CUSIP 911312106,42500.00,0.00,0
2020-12-07,OCC,00355,00355 C,Client,ETD,Cleared,USD,1,Specific Deposit,CUSIP 92826C839,1700.00,0.00,0
2020-12-07,OCC,00355,00355 C,Client,ETD,Cleared,USD,1,Specific Deposit,CUSIP 988498101,2900.00,0.00,0
2020-12-07,OCC,00355,00355 C,Client,ETD,Cleared,USD,1,Escrow Deposit,INDEX CALL - THE BANK OF NEW YORK MELLON,19443554.71,0.00,0
2020-12-07,OCC,00355,00355 C,Client,ETD,Cleared,USD,1,Escrow Deposit,EQUITY PUT - STATE STREET BANK & TRUST COMPANY,681500.00,0.00,0
2020-12-07,OCC,00355,00355 F,House,ETD,Cleared,USD,1,Security,CUSIP 89677Q107,109214206.03,0.00,0
2020-12-07,OCC,00355,00355 Z,House,ETD,Cleared,USD,1,Cash,,406208572.01,0.00,0
